URL,Indexed,Coverage State,Verdict,Crawled As,Last Crawl Time,Error
"https://swimly.uk/features/","No","URL is unknown to Google","NEUTRAL","Unknown","",""
"https://swimly.uk/blog/","No","Discovered - currently not indexed","NEUTRAL","CRAWLING_USER_AGENT_UNSPECIFIED","",""
"https://swimly.uk/clubs/map/","No","URL is unknown to Google","NEUTRAL","Unknown","",""
"https://swimly.uk/swimming-club-software/","No","Discovered - currently not indexed","NEUTRAL","CRAWLING_USER_AGENT_UNSPECIFIED","",""
"https://swimly.uk/faq/","No","Discovered - currently not indexed","NEUTRAL","CRAWLING_USER_AGENT_UNSPECIFIED","",""
"https://swimly.uk/swim-school-management/","No","URL is unknown to Google","NEUTRAL","Unknown","",""
"https://swimly.uk/swim-team-management-software/","No","Discovered - currently not indexed","NEUTRAL","CRAWLING_USER_AGENT_UNSPECIFIED","",""
"https://swimly.uk/swimming-management-software/","No","URL is unknown to Google","NEUTRAL","Unknown","",""
"https://swimly.uk/swim-club-software/","No","URL is unknown to Google","NEUTRAL","Unknown","",""
"https://swimly.uk/pilot/","No","URL is unknown to Google","NEUTRAL","Unknown","",""
"https://swimly.uk/features/billing/","No","Discovered - currently not indexed","NEUTRAL","CRAWLING_USER_AGENT_UNSPECIFIED","",""
"https://swimly.uk/features/compliance/","No","URL is unknown to Google","NEUTRAL","Unknown","",""
"https://swimly.uk/compare/coacha/","No","Discovered - currently not indexed","NEUTRAL","CRAWLING_USER_AGENT_UNSPECIFIED","",""
"https://swimly.uk/blog/","No","Discovered - currently not indexed","NEUTRAL","CRAWLING_USER_AGENT_UNSPECIFIED","",""
"https://swimly.uk/blog/swim-england-api-guide-2026/","No","Discovered - currently not indexed","NEUTRAL","CRAWLING_USER_AGENT_UNSPECIFIED","",""
"https://swimly.uk/blog/how-to-migrate-swim-club-data-from-spreadsheets/","No","Discovered - currently not indexed","NEUTRAL","CRAWLING_USER_AGENT_UNSPECIFIED","",""
"https://swimly.uk/blog/what-i-wish-i-knew-before-my-kid-joined-competitive-swimming/","No","Discovered - currently not indexed","NEUTRAL","CRAWLING_USER_AGENT_UNSPECIFIED","",""
"https://swimly.uk/blog/first-county-championship-guide-for-swim-parents/","No","Discovered - currently not indexed","NEUTRAL","CRAWLING_USER_AGENT_UNSPECIFIED","",""
"https://swimly.uk/blog/painless-agm-guide/","No","Discovered - currently not indexed","NEUTRAL","CRAWLING_USER_AGENT_UNSPECIFIED","",""
"https://swimly.uk/blog/swimming-gala-entry-management-guide/","No","Discovered - currently not indexed","NEUTRAL","CRAWLING_USER_AGENT_UNSPECIFIED","",""
"https://swimly.uk/blog/complete-swim-club-agm-guide-2026/","No","Discovered - currently not indexed","NEUTRAL","CRAWLING_USER_AGENT_UNSPECIFIED","",""
"https://swimly.uk/blog/county-championships-swim-parent-guide/","No","URL is unknown to Google","NEUTRAL","Unknown","",""
"https://swimly.uk/blog/swim-club-spreadsheet-safeguarding-risk/","No","URL is unknown to Google","NEUTRAL","Unknown","",""
"https://swimly.uk/blog/agm-survival-guide-swim-clubs/","No","URL is unknown to Google","NEUTRAL","Unknown","",""
"https://swimly.uk/blog/county-championships-survival-guide/","No","Not found (404)","NEUTRAL","MOBILE","2026-03-15T18:28:09Z",""
"https://swimly.uk/blog/swimming-club-committee-handover-checklist/","No","Not found (404)","NEUTRAL","MOBILE","2026-03-15T22:42:47Z",""
"https://swimly.uk/blog/swimming-club-fundraising-ideas-complete-guide/","No","Not found (404)","NEUTRAL","MOBILE","2026-03-15T18:56:30Z",""
"https://swimly.uk/blog/swim-club-end-of-season-checklist/","No","URL is unknown to Google","NEUTRAL","Unknown","",""
"https://swimly.uk/clubs/east-sussex/","No","Discovered - currently not indexed","NEUTRAL","CRAWLING_USER_AGENT_UNSPECIFIED","",""
"https://swimly.uk/clubs/lincolnshire/","No","URL is unknown to Google","NEUTRAL","Unknown","",""
"https://swimly.uk/clubs/cheshire/","No","Crawled - currently not indexed","NEUTRAL","MOBILE","2026-03-06T22:32:59Z",""
"https://swimly.uk/clubs/south-yorkshire/","No","Discovered - currently not indexed","NEUTRAL","CRAWLING_USER_AGENT_UNSPECIFIED","",""
"https://swimly.uk/clubs/staffordshire/","No","Discovered - currently not indexed","NEUTRAL","CRAWLING_USER_AGENT_UNSPECIFIED","",""
"https://swimly.uk/clubs/berkshire/slough-swimming-club/","No","Crawled - currently not indexed","NEUTRAL","MOBILE","2026-03-03T18:31:11Z",""
"https://swimly.uk/clubs/bristol/soundwell-sc/","No","Crawled - currently not indexed","NEUTRAL","MOBILE","2026-03-01T17:14:02Z",""
"https://swimly.uk/clubs/cornwall/helston-swimming-club/","No","Discovered - currently not indexed","NEUTRAL","CRAWLING_USER_AGENT_UNSPECIFIED","",""
"https://swimly.uk/clubs/cornwall/saltash-swimming-club/","No","Discovered - currently not indexed","NEUTRAL","CRAWLING_USER_AGENT_UNSPECIFIED","",""
"https://swimly.uk/clubs/devon/barnstaple-swimming-club/","No","Discovered - currently not indexed","NEUTRAL","CRAWLING_USER_AGENT_UNSPECIFIED","",""
"https://swimly.uk/clubs/devon/bideford-swimming-club/","No","URL is unknown to Google","NEUTRAL","Unknown","",""
"https://swimly.uk/clubs/devon/totnes-swimming-club/","No","Crawled - currently not indexed","NEUTRAL","MOBILE","2026-03-04T15:01:29Z",""
"https://swimly.uk/clubs/dorset/poole-swimming-club/","No","Discovered - currently not indexed","NEUTRAL","CRAWLING_USER_AGENT_UNSPECIFIED","",""
"https://swimly.uk/clubs/dorset/swanage-swimming-club/","No","URL is unknown to Google","NEUTRAL","Unknown","",""
"https://swimly.uk/clubs/durham/stanley-swimming-club/","No","Crawled - currently not indexed","NEUTRAL","MOBILE","2026-03-04T12:27:01Z",""
"https://swimly.uk/clubs/east-sussex/heathfield-swimming-club/","No","Crawled - currently not indexed","NEUTRAL","MOBILE","2026-03-09T10:58:23Z",""
"https://swimly.uk/clubs/east-sussex/ore-valley-swimming-club/","No","URL is unknown to Google","NEUTRAL","Unknown","",""
"https://swimly.uk/clubs/east-yorkshire/beverley-swimming-club/","No","URL is unknown to Google","NEUTRAL","Unknown","",""
"https://swimly.uk/clubs/east-yorkshire/driffield-swimming-club/","No","URL is unknown to Google","NEUTRAL","Unknown","",""
"https://swimly.uk/clubs/east-yorkshire/hornsea-swimming-club/","No","Discovered - currently not indexed","NEUTRAL","CRAWLING_USER_AGENT_UNSPECIFIED","",""
"https://swimly.uk/clubs/essex/canvey-island-swimming-club/","No","URL is unknown to Google","NEUTRAL","Unknown","",""
"https://swimly.uk/clubs/gloucestershire/coleford-swimming-club/","No","Crawled - currently not indexed","NEUTRAL","MOBILE","2026-02-28T15:53:43Z",""
"https://swimly.uk/clubs/gloucestershire/dursley-district-swimming-club/","No","Discovered - currently not indexed","NEUTRAL","CRAWLING_USER_AGENT_UNSPECIFIED","",""
"https://swimly.uk/clubs/gloucestershire/stroud-swindon-swimming-club/","No","Discovered - currently not indexed","NEUTRAL","CRAWLING_USER_AGENT_UNSPECIFIED","",""
"https://swimly.uk/clubs/gloucestershire/tewkesbury-swimming-club/","No","URL is unknown to Google","NEUTRAL","Unknown","",""
"https://swimly.uk/clubs/hampshire/romsey-rapids-swimming-club/","No","Discovered - currently not indexed","NEUTRAL","CRAWLING_USER_AGENT_UNSPECIFIED","",""
"https://swimly.uk/clubs/hertfordshire/st-albans-swimming-club/","No","Discovered - currently not indexed","NEUTRAL","CRAWLING_USER_AGENT_UNSPECIFIED","",""
"https://swimly.uk/clubs/hertfordshire/watford-swimming-club/","No","URL is unknown to Google","NEUTRAL","Unknown","",""
"https://swimly.uk/clubs/kent/gravesend-swimming-club/","No","Discovered - currently not indexed","NEUTRAL","CRAWLING_USER_AGENT_UNSPECIFIED","",""
"https://swimly.uk/clubs/lancashire/clitheroe-swimming-club/","No","Discovered - currently not indexed","NEUTRAL","CRAWLING_USER_AGENT_UNSPECIFIED","",""
"https://swimly.uk/clubs/lancashire/morecambe-swimming-club/","No","Crawled - currently not indexed","NEUTRAL","MOBILE","2026-03-07T07:38:53Z",""
"https://swimly.uk/clubs/london/acton-swimming-club/","No","URL is unknown to Google","NEUTRAL","Unknown","",""
"https://swimly.uk/clubs/london/hillingdon-swimming-club/","No","Discovered - currently not indexed","NEUTRAL","CRAWLING_USER_AGENT_UNSPECIFIED","",""
"https://swimly.uk/clubs/london/kings-cormorants-sc/","No","Crawled - currently not indexed","NEUTRAL","MOBILE","2026-03-06T04:49:40Z",""
"https://swimly.uk/clubs/london/london-borough-of-hounslow-sc/","No","URL is unknown to Google","NEUTRAL","Unknown","",""
"https://swimly.uk/clubs/norfolk/north-norfolk-vikings-swimming-club/","No","Discovered - currently not indexed","NEUTRAL","CRAWLING_USER_AGENT_UNSPECIFIED","",""
"https://swimly.uk/clubs/north-east-lincolnshire/immingham-swimming-club/","No","Crawled - currently not indexed","NEUTRAL","MOBILE","2026-02-28T18:22:03Z",""
"https://swimly.uk/clubs/north-lincolnshire/barton-swimming-club/","No","Discovered - currently not indexed","NEUTRAL","CRAWLING_USER_AGENT_UNSPECIFIED","",""
"https://swimly.uk/clubs/north-lincolnshire/crowle-swimming-club/","No","Crawled - currently not indexed","NEUTRAL","MOBILE","2026-02-28T15:46:40Z",""
"https://swimly.uk/clubs/north-yorkshire/middlesbrough-swimming-club/","No","Crawled - currently not indexed","NEUTRAL","MOBILE","2026-03-02T16:37:44Z",""
"https://swimly.uk/clubs/northern-ireland/alliance-asc/","No","URL is unknown to Google","NEUTRAL","Unknown","",""
"https://swimly.uk/clubs/northern-ireland/coleraine-swimming-club/","No","Discovered - currently not indexed","NEUTRAL","CRAWLING_USER_AGENT_UNSPECIFIED","",""
"https://swimly.uk/clubs/northern-ireland/cookstown-swimming-club-ni/","No","Discovered - currently not indexed","NEUTRAL","CRAWLING_USER_AGENT_UNSPECIFIED","",""
"https://swimly.uk/clubs/northern-ireland/larne-asc/","No","URL is unknown to Google","NEUTRAL","Unknown","",""
"https://swimly.uk/clubs/northern-ireland/newry-swimming-club/","No","Discovered - currently not indexed","NEUTRAL","CRAWLING_USER_AGENT_UNSPECIFIED","",""
"https://swimly.uk/clubs/northern-ireland/newtownabbey-asc/","No","Discovered - currently not indexed","NEUTRAL","CRAWLING_USER_AGENT_UNSPECIFIED","",""
"https://swimly.uk/clubs/northern-ireland/olympia-asc/","No","URL is unknown to Google","NEUTRAL","Unknown","",""
"https://swimly.uk/clubs/northumberland/berwick-swimming-club/","No","Discovered - currently not indexed","NEUTRAL","CRAWLING_USER_AGENT_UNSPECIFIED","",""
"https://swimly.uk/clubs/northumberland/blyth-swimming-club/","No","Discovered - currently not indexed","NEUTRAL","CRAWLING_USER_AGENT_UNSPECIFIED","",""
"https://swimly.uk/clubs/nottinghamshire/beeston-swimming-club/","No","Discovered - currently not indexed","NEUTRAL","CRAWLING_USER_AGENT_UNSPECIFIED","",""
"https://swimly.uk/clubs/oxfordshire/didcot-barramundi-swimming-club/","No","URL is unknown to Google","NEUTRAL","Unknown","",""
"https://swimly.uk/clubs/oxfordshire/henley-swimming-club/","No","URL is unknown to Google","NEUTRAL","Unknown","",""
"https://swimly.uk/clubs/shropshire/market-drayton-swimming-club/","No","Discovered - currently not indexed","NEUTRAL","CRAWLING_USER_AGENT_UNSPECIFIED","",""
"https://swimly.uk/clubs/somerset/bridgwater-swimming-club/","No","Crawled - currently not indexed","NEUTRAL","MOBILE","2026-02-28T15:55:20Z",""
"https://swimly.uk/clubs/kent/dover-life-guard-club/","No","Crawled - currently not indexed","NEUTRAL","MOBILE","2026-03-07T15:26:33Z",""
"https://swimly.uk/clubs/staffordshire/newcastle-under-lyme-swimming-club/","No","URL is unknown to Google","NEUTRAL","Unknown","",""
"https://swimly.uk/clubs/tyne-and-wear/sunderland-aquatic-swimming-club/","No","Discovered - currently not indexed","NEUTRAL","CRAWLING_USER_AGENT_UNSPECIFIED","",""
"https://swimly.uk/clubs/tyne-and-wear/wallsend-swimming-club/","No","Discovered - currently not indexed","NEUTRAL","CRAWLING_USER_AGENT_UNSPECIFIED","",""
"https://swimly.uk/clubs/warwickshire/alcester-swimming-club/","No","URL is unknown to Google","NEUTRAL","Unknown","",""
"https://swimly.uk/clubs/west-midlands/boldmere-swimming-club/","No","Page with redirect","NEUTRAL","MOBILE","2026-03-17T09:42:10Z",""
"https://swimly.uk/clubs/west-midlands/halesowen-swimming-club/","No","Page with redirect","NEUTRAL","MOBILE","2026-03-18T00:06:23Z",""
"https://swimly.uk/clubs/west-midlands/warley-swimming-club/","No","URL is unknown to Google","NEUTRAL","Unknown","",""
"https://swimly.uk/clubs/west-sussex/arundel-swimming-club/","No","Error","Error","","","request to https://searchconsole.googleapis.com/v1/urlInspection/index:inspect failed, reason: read ETIMEDOUT"
"https://swimly.uk/clubs/west-yorkshire/calderdale-swimming-club/","No","Crawled - currently not indexed","NEUTRAL","MOBILE","2026-03-05T07:15:35Z",""
"https://swimly.uk/clubs/west-yorkshire/city-of-leeds-sc/","No","Crawled - currently not indexed","NEUTRAL","MOBILE","2026-03-06T05:26:48Z",""
"https://swimly.uk/clubs/north-yorkshire/richmond-swimming-club-yorkshire/","No","Discovered - currently not indexed","NEUTRAL","CRAWLING_USER_AGENT_UNSPECIFIED","",""
"https://swimly.uk/clubs/north-yorkshire/richmond-swimming-club-yorkshire/","No","URL is unknown to Google","NEUTRAL","Unknown","",""
"https://swimly.uk/clubs/scotland/hamilton-swimming-club/","No","Discovered - currently not indexed","NEUTRAL","CRAWLING_USER_AGENT_UNSPECIFIED","",""
"https://swimly.uk/clubs/scotland/orkney-amateur-swimming-club/","No","Crawled - currently not indexed","NEUTRAL","MOBILE","2026-03-07T15:28:49Z",""
"https://swimly.uk/clubs/worcestershire/worcester-swimming-club/","No","Crawled - currently not indexed","NEUTRAL","MOBILE","2026-03-07T15:33:12Z",""
"https://swimly.uk/clubs/greater-manchester/manchester-and-north-west-disability-sc/","No","Discovered - currently not indexed","NEUTRAL","CRAWLING_USER_AGENT_UNSPECIFIED","",""
"https://swimly.uk/clubs/west-yorkshire/city-of-bradford-esprit-diving/","No","Crawled - currently not indexed","NEUTRAL","MOBILE","2026-03-07T15:26:17Z",""
"https://swimly.uk/clubs/south-yorkshire/stocksbridge-pentaqua-sc/","No","Crawled - currently not indexed","NEUTRAL","MOBILE","2026-03-07T15:35:24Z",""
"https://swimly.uk/clubs/durham/richmond-dales-asc/","No","Discovered - currently not indexed","NEUTRAL","CRAWLING_USER_AGENT_UNSPECIFIED","",""
"https://swimly.uk/clubs/west-yorkshire/city-of-leeds-diving-club/","No","Crawled - currently not indexed","NEUTRAL","MOBILE","2026-03-07T15:29:46Z",""
"https://swimly.uk/clubs/east-yorkshire/south-holderness-sc/","No","Crawled - currently not indexed","NEUTRAL","MOBILE","2026-03-07T15:24:33Z",""
"https://swimly.uk/clubs/west-midlands/wombourne-sc/","No","Discovered - currently not indexed","NEUTRAL","CRAWLING_USER_AGENT_UNSPECIFIED","",""
"https://swimly.uk/clubs/dorset/yeovil-district-sc/","No","Discovered - currently not indexed","NEUTRAL","CRAWLING_USER_AGENT_UNSPECIFIED","",""
"https://swimly.uk/clubs/london/south-west-london-diving-club/","No","Crawled - currently not indexed","NEUTRAL","MOBILE","2026-03-07T02:02:42Z",""
"https://swimly.uk/clubs/essex/canvey-island-sc/","No","Discovered - currently not indexed","NEUTRAL","CRAWLING_USER_AGENT_UNSPECIFIED","",""
"https://swimly.uk/clubs/london/whitgift-swimming-club/","No","Crawled - currently not indexed","NEUTRAL","MOBILE","2026-03-07T15:32:30Z",""
"https://swimly.uk/clubs/hampshire/portsmouth-and-district-artistic-swimming-club/","No","Crawled - currently not indexed","NEUTRAL","MOBILE","2026-03-07T15:27:36Z",""
"https://swimly.uk/clubs/hampshire/southampton-university-sc/","No","Crawled - currently not indexed","NEUTRAL","MOBILE","2026-03-07T15:26:40Z",""
"https://swimly.uk/clubs/hampshire/winchester-water-polo-club/","No","Crawled - currently not indexed","NEUTRAL","MOBILE","2026-03-07T21:34:20Z",""
"https://swimly.uk/clubs/bedfordshire/dunstable-sc/","No","URL is unknown to Google","NEUTRAL","Unknown","",""
"https://swimly.uk/clubs/bedfordshire/team-luton-swimming/","No","Discovered - currently not indexed","NEUTRAL","CRAWLING_USER_AGENT_UNSPECIFIED","",""
"https://swimly.uk/clubs/hertfordshire/harpenden-swimming-club/","No","Crawled - currently not indexed","NEUTRAL","MOBILE","2026-03-07T15:35:14Z",""
"https://swimly.uk/clubs/buckinghamshire/dacorum-artistic-sc/","No","Crawled - currently not indexed","NEUTRAL","MOBILE","2026-03-07T15:25:50Z",""
"https://swimly.uk/clubs/west-midlands/boldmere-swimming-and-water-polo-club/","No","Page with redirect","NEUTRAL","MOBILE","2026-03-12T18:58:02Z",""
"https://swimly.uk/clubs/warwickshire/nuneaton-and-bedworth-sc/","No","Crawled - currently not indexed","NEUTRAL","MOBILE","2026-03-07T15:32:02Z",""
"https://swimly.uk/clubs/leicestershire/loughborough-university-swimming/","No","Crawled - currently not indexed","NEUTRAL","MOBILE","2026-03-07T05:33:43Z",""
"https://swimly.uk/swimming-club-software/cumbria/","No","URL is unknown to Google","NEUTRAL","Unknown","",""
"https://swimly.uk/swimming-club-software/gloucestershire/","No","Crawled - currently not indexed","NEUTRAL","MOBILE","2026-02-25T15:59:58Z",""
"https://swimly.uk/swimming-club-software/bedfordshire/biggleswade/","No","Discovered - currently not indexed","NEUTRAL","CRAWLING_USER_AGENT_UNSPECIFIED","",""
"https://swimly.uk/swimming-club-software/bedfordshire/leighton-buzzard/","No","URL is unknown to Google","NEUTRAL","Unknown","",""
"https://swimly.uk/swimming-club-software/cambridgeshire/wisbech/","No","Crawled - currently not indexed","NEUTRAL","MOBILE","2026-03-02T23:38:23Z",""
"https://swimly.uk/swimming-club-software/cornwall/looe/","No","URL is unknown to Google","NEUTRAL","Unknown","",""
"https://swimly.uk/swimming-club-software/cumbria/kendal/","No","Discovered - currently not indexed","NEUTRAL","CRAWLING_USER_AGENT_UNSPECIFIED","",""
"https://swimly.uk/swimming-club-software/cumbria/ulverston/","No","Discovered - currently not indexed","NEUTRAL","CRAWLING_USER_AGENT_UNSPECIFIED","",""
"https://swimly.uk/swimming-club-software/derbyshire/matlock/","No","URL is unknown to Google","NEUTRAL","Unknown","",""
"https://swimly.uk/swimming-club-software/devon/exmouth/","No","Discovered - currently not indexed","NEUTRAL","CRAWLING_USER_AGENT_UNSPECIFIED","",""
"https://swimly.uk/swimming-club-software/dorset/weymouth/","No","URL is unknown to Google","NEUTRAL","Unknown","",""
"https://swimly.uk/swimming-club-software/durham/consett/","No","Discovered - currently not indexed","NEUTRAL","CRAWLING_USER_AGENT_UNSPECIFIED","",""
"https://swimly.uk/swimming-club-software/durham/stanley/","No","Crawled - currently not indexed","NEUTRAL","MOBILE","2026-03-02T18:11:03Z",""
"https://swimly.uk/swimming-club-software/east/norwich/","No","URL is unknown to Google","NEUTRAL","Unknown","",""
"https://swimly.uk/swimming-club-software/east-sussex/hove/","No","Discovered - currently not indexed","NEUTRAL","CRAWLING_USER_AGENT_UNSPECIFIED","",""
"https://swimly.uk/swimming-club-software/east-yorkshire/withernsea/","No","Discovered - currently not indexed","NEUTRAL","CRAWLING_USER_AGENT_UNSPECIFIED","",""
"https://swimly.uk/swimming-club-software/essex/clacton-on-sea/","No","Error","Error","","","Quota exceeded for sc-domain:swimly.uk."
"https://swimly.uk/swimming-club-software/essex/colchester/","No","Error","Error","","","Quota exceeded for sc-domain:swimly.uk."
"https://swimly.uk/swimming-club-software/essex/harlow/","No","Error","Error","","","Quota exceeded for sc-domain:swimly.uk."
"https://swimly.uk/swimming-club-software/essex/maldon/","No","Error","Error","","","Quota exceeded for sc-domain:swimly.uk."
"https://swimly.uk/swimming-club-software/essex/rayleigh/","No","Error","Error","","","Quota exceeded for sc-domain:swimly.uk."
"https://swimly.uk/swimming-club-software/essex/rochford/","No","Error","Error","","","Quota exceeded for sc-domain:swimly.uk."
"https://swimly.uk/swimming-club-software/essex/saffron-walden/","No","Error","Error","","","Quota exceeded for sc-domain:swimly.uk."
"https://swimly.uk/swimming-club-software/essex/southend-on-sea/","No","Error","Error","","","Quota exceeded for sc-domain:swimly.uk."
"https://swimly.uk/swimming-club-software/essex/witham/","No","Error","Error","","","Quota exceeded for sc-domain:swimly.uk."
"https://swimly.uk/swimming-club-software/gloucestershire/cheltenham/","No","Error","Error","","","Quota exceeded for sc-domain:swimly.uk."
"https://swimly.uk/swimming-club-software/gloucestershire/cinderford/","No","Error","Error","","","Quota exceeded for sc-domain:swimly.uk."
"https://swimly.uk/swimming-club-software/gloucestershire/cirencester/","No","Error","Error","","","Quota exceeded for sc-domain:swimly.uk."
"https://swimly.uk/swimming-club-software/gloucestershire/coleford/","No","Error","Error","","","Quota exceeded for sc-domain:swimly.uk."
"https://swimly.uk/swimming-club-software/gloucestershire/dursley/","No","Error","Error","","","Quota exceeded for sc-domain:swimly.uk."
"https://swimly.uk/swimming-club-software/gloucestershire/gloucester/","No","Error","Error","","","Quota exceeded for sc-domain:swimly.uk."
"https://swimly.uk/swimming-club-software/gloucestershire/nailsworth/","No","Error","Error","","","Quota exceeded for sc-domain:swimly.uk."
"https://swimly.uk/swimming-club-software/gloucestershire/stroud/","No","Error","Error","","","Quota exceeded for sc-domain:swimly.uk."
"https://swimly.uk/swimming-club-software/gloucestershire/tewkesbury/","No","Error","Error","","","Quota exceeded for sc-domain:swimly.uk."
"https://swimly.uk/swimming-club-software/greater-manchester/altrincham/","No","Error","Error","","","Quota exceeded for sc-domain:swimly.uk."
"https://swimly.uk/swimming-club-software/greater-manchester/ashton-under-lyne/","No","Error","Error","","","Quota exceeded for sc-domain:swimly.uk."
"https://swimly.uk/swimming-club-software/greater-manchester/bolton/","No","Error","Error","","","Quota exceeded for sc-domain:swimly.uk."
"https://swimly.uk/swimming-club-software/greater-manchester/radcliffe/","No","Error","Error","","","Quota exceeded for sc-domain:swimly.uk."
"https://swimly.uk/swimming-club-software/greater-manchester/stockport/","No","Error","Error","","","Quota exceeded for sc-domain:swimly.uk."
"https://swimly.uk/swimming-club-software/greater-manchester/stretford/","No","Error","Error","","","Quota exceeded for sc-domain:swimly.uk."
"https://swimly.uk/swimming-club-software/greater-manchester/trafford/","No","Error","Error","","","Quota exceeded for sc-domain:swimly.uk."
"https://swimly.uk/swimming-club-software/greater-manchester/tyldesley/","No","Error","Error","","","Quota exceeded for sc-domain:swimly.uk."
"https://swimly.uk/swimming-club-software/hampshire/aldershot/","No","Error","Error","","","Quota exceeded for sc-domain:swimly.uk."
"https://swimly.uk/swimming-club-software/hampshire/andover/","No","Error","Error","","","Quota exceeded for sc-domain:swimly.uk."
"https://swimly.uk/swimming-club-software/hampshire/eastleigh/","No","Error","Error","","","Quota exceeded for sc-domain:swimly.uk."
"https://swimly.uk/swimming-club-software/hampshire/fareham/","No","Error","Error","","","Quota exceeded for sc-domain:swimly.uk."
"https://swimly.uk/swimming-club-software/hampshire/farnborough/","No","Error","Error","","","Quota exceeded for sc-domain:swimly.uk."
"https://swimly.uk/swimming-club-software/hampshire/gosport/","No","Error","Error","","","Quota exceeded for sc-domain:swimly.uk."
"https://swimly.uk/swimming-club-software/hampshire/waterlooville/","No","Error","Error","","","Quota exceeded for sc-domain:swimly.uk."
"https://swimly.uk/swimming-club-software/hampshire/hayling-island/","No","Error","Error","","","Quota exceeded for sc-domain:swimly.uk."
"https://swimly.uk/swimming-club-software/hampshire/liss/","No","Error","Error","","","Quota exceeded for sc-domain:swimly.uk."
"https://swimly.uk/swimming-club-software/hampshire/petersfield/","No","Error","Error","","","Quota exceeded for sc-domain:swimly.uk."
"https://swimly.uk/swimming-club-software/hampshire/ringwood/","No","Error","Error","","","Quota exceeded for sc-domain:swimly.uk."
"https://swimly.uk/swimming-club-software/hampshire/romsey/","No","Error","Error","","","Quota exceeded for sc-domain:swimly.uk."
"https://swimly.uk/swimming-club-software/hampshire/southampton/","No","Error","Error","","","Quota exceeded for sc-domain:swimly.uk."
"https://swimly.uk/swimming-club-software/hampshire/totton/","No","Error","Error","","","Quota exceeded for sc-domain:swimly.uk."
"https://swimly.uk/swimming-club-software/hertfordshire/berkhamsted/","No","Error","Error","","","Quota exceeded for sc-domain:swimly.uk."
"https://swimly.uk/swimming-club-software/hertfordshire/bishops-stortford/","No","Error","Error","","","Quota exceeded for sc-domain:swimly.uk."
"https://swimly.uk/swimming-club-software/hertfordshire/borehamwood/","No","Error","Error","","","Quota exceeded for sc-domain:swimly.uk."
"https://swimly.uk/swimming-club-software/hertfordshire/cheshunt/","No","Error","Error","","","Quota exceeded for sc-domain:swimly.uk."
"https://swimly.uk/swimming-club-software/hertfordshire/hatfield/","No","Error","Error","","","Quota exceeded for sc-domain:swimly.uk."
"https://swimly.uk/swimming-club-software/hertfordshire/hemel-hempstead/","No","Error","Error","","","Quota exceeded for sc-domain:swimly.uk."
"https://swimly.uk/swimming-club-software/hertfordshire/hertford/","No","Error","Error","","","Quota exceeded for sc-domain:swimly.uk."
"https://swimly.uk/swimming-club-software/hertfordshire/hitchin/","No","Error","Error","","","Quota exceeded for sc-domain:swimly.uk."
"https://swimly.uk/swimming-club-software/hertfordshire/letchworth/","No","Error","Error","","","Quota exceeded for sc-domain:swimly.uk."
"https://swimly.uk/swimming-club-software/hertfordshire/potters-bar/","No","Error","Error","","","Quota exceeded for sc-domain:swimly.uk."
"https://swimly.uk/swimming-club-software/hertfordshire/royston/","No","Error","Error","","","Quota exceeded for sc-domain:swimly.uk."
"https://swimly.uk/swimming-club-software/hertfordshire/st-albans/","No","Error","Error","","","Quota exceeded for sc-domain:swimly.uk."
"https://swimly.uk/swimming-club-software/hertfordshire/stevenage/","No","Error","Error","","","Quota exceeded for sc-domain:swimly.uk."
"https://swimly.uk/swimming-club-software/hertfordshire/ware/","No","Error","Error","","","Quota exceeded for sc-domain:swimly.uk."
"https://swimly.uk/swimming-club-software/hertfordshire/watford/","No","Error","Error","","","Quota exceeded for sc-domain:swimly.uk."
"https://swimly.uk/swimming-club-software/hertfordshire/welwyn-garden-city/","No","Error","Error","","","Quota exceeded for sc-domain:swimly.uk."
"https://swimly.uk/swimming-club-software/kent/ashford/","No","Error","Error","","","Quota exceeded for sc-domain:swimly.uk."
"https://swimly.uk/swimming-club-software/kent/broadstairs/","No","Error","Error","","","Quota exceeded for sc-domain:swimly.uk."
"https://swimly.uk/swimming-club-software/kent/canterbury/","No","Error","Error","","","Quota exceeded for sc-domain:swimly.uk."
"https://swimly.uk/swimming-club-software/kent/cranbrook/","No","Error","Error","","","Quota exceeded for sc-domain:swimly.uk."
"https://swimly.uk/swimming-club-software/kent/dover/","No","Error","Error","","","Quota exceeded for sc-domain:swimly.uk."
"https://swimly.uk/swimming-club-software/kent/edenbridge/","No","Error","Error","","","Quota exceeded for sc-domain:swimly.uk."
"https://swimly.uk/swimming-club-software/kent/folkestone/","No","Error","Error","","","Quota exceeded for sc-domain:swimly.uk."
"https://swimly.uk/swimming-club-software/kent/gillingham/","No","Error","Error","","","Quota exceeded for sc-domain:swimly.uk."
"https://swimly.uk/swimming-club-software/kent/gravesend/","No","Error","Error","","","Quota exceeded for sc-domain:swimly.uk."
"https://swimly.uk/swimming-club-software/kent/herne-bay/","No","Error","Error","","","Quota exceeded for sc-domain:swimly.uk."
"https://swimly.uk/swimming-club-software/kent/maidstone/","No","Error","Error","","","Quota exceeded for sc-domain:swimly.uk."
"https://swimly.uk/swimming-club-software/kent/margate/","No","Error","Error","","","Quota exceeded for sc-domain:swimly.uk."
"https://swimly.uk/swimming-club-software/kent/tunbridge-wells/","No","Error","Error","","","Quota exceeded for sc-domain:swimly.uk."
"https://swimly.uk/swimming-club-software/kent/ramsgate/","No","Error","Error","","","Quota exceeded for sc-domain:swimly.uk."
"https://swimly.uk/swimming-club-software/kent/rochester/","No","Error","Error","","","Quota exceeded for sc-domain:swimly.uk."
"https://swimly.uk/swimming-club-software/kent/sandwich/","No","Error","Error","","","Quota exceeded for sc-domain:swimly.uk."
"https://swimly.uk/swimming-club-software/kent/sevenoaks/","No","Error","Error","","","Quota exceeded for sc-domain:swimly.uk."
"https://swimly.uk/swimming-club-software/kent/sittingbourne/","No","Error","Error","","","Quota exceeded for sc-domain:swimly.uk."
"https://swimly.uk/swimming-club-software/kent/swanley/","No","Error","Error","","","Quota exceeded for sc-domain:swimly.uk."
"https://swimly.uk/swimming-club-software/kent/tonbridge/","No","Error","Error","","","Quota exceeded for sc-domain:swimly.uk."
"https://swimly.uk/swimming-club-software/kent/whitstable/","No","Error","Error","","","Quota exceeded for sc-domain:swimly.uk."
"https://swimly.uk/swimming-club-software/lancashire/accrington/","No","Error","Error","","","Quota exceeded for sc-domain:swimly.uk."
"https://swimly.uk/swimming-club-software/lancashire/blackburn/","No","Error","Error","","","Quota exceeded for sc-domain:swimly.uk."
"https://swimly.uk/swimming-club-software/lancashire/blackpool/","No","Error","Error","","","Quota exceeded for sc-domain:swimly.uk."
"https://swimly.uk/swimming-club-software/lancashire/burnley/","No","Error","Error","","","Quota exceeded for sc-domain:swimly.uk."
"https://swimly.uk/swimming-club-software/lancashire/chorley/","No","Error","Error","","","Quota exceeded for sc-domain:swimly.uk."
"https://swimly.uk/swimming-club-software/lancashire/clitheroe/","No","Error","Error","","","Quota exceeded for sc-domain:swimly.uk."
"https://swimly.uk/swimming-club-software/lancashire/fleetwood/","No","Error","Error","","","Quota exceeded for sc-domain:swimly.uk."
"https://swimly.uk/swimming-club-software/lancashire/lancaster/","No","Error","Error","","","Quota exceeded for sc-domain:swimly.uk."
"https://swimly.uk/swimming-club-software/lancashire/leyland/","No","Error","Error","","","Quota exceeded for sc-domain:swimly.uk."
"https://swimly.uk/swimming-club-software/lancashire/morecambe/","No","Error","Error","","","Quota exceeded for sc-domain:swimly.uk."
"https://swimly.uk/swimming-club-software/lancashire/nelson/","No","Error","Error","","","Quota exceeded for sc-domain:swimly.uk."
"https://swimly.uk/swimming-club-software/lancashire/ormskirk/","No","Error","Error","","","Quota exceeded for sc-domain:swimly.uk."
"https://swimly.uk/swimming-club-software/lancashire/preston/","No","Error","Error","","","Quota exceeded for sc-domain:swimly.uk."
"https://swimly.uk/swimming-club-software/leicestershire/ashby-de-la-zouch/","No","Error","Error","","","Quota exceeded for sc-domain:swimly.uk."
"https://swimly.uk/swimming-club-software/leicestershire/coalville/","No","Error","Error","","","Quota exceeded for sc-domain:swimly.uk."
"https://swimly.uk/swimming-club-software/leicestershire/hinckley/","No","Error","Error","","","Quota exceeded for sc-domain:swimly.uk."
"https://swimly.uk/swimming-club-software/leicestershire/loughborough/","No","Error","Error","","","Quota exceeded for sc-domain:swimly.uk."
"https://swimly.uk/swimming-club-software/leicestershire/market-harborough/","No","Error","Error","","","Quota exceeded for sc-domain:swimly.uk."
"https://swimly.uk/swimming-club-software/leicestershire/melton-mowbray/","No","Error","Error","","","Quota exceeded for sc-domain:swimly.uk."
"https://swimly.uk/swimming-club-software/leicestershire/wigston/","No","Error","Error","","","Quota exceeded for sc-domain:swimly.uk."
"https://swimly.uk/swimming-club-software/lincolnshire/boston/","No","Error","Error","","","Quota exceeded for sc-domain:swimly.uk."
"https://swimly.uk/swimming-club-software/lincolnshire/gainsborough/","No","Error","Error","","","Quota exceeded for sc-domain:swimly.uk."
"https://swimly.uk/swimming-club-software/lincolnshire/grantham/","No","Error","Error","","","Quota exceeded for sc-domain:swimly.uk."
"https://swimly.uk/swimming-club-software/lincolnshire/horncastle/","No","Error","Error","","","Quota exceeded for sc-domain:swimly.uk."
"https://swimly.uk/swimming-club-software/lincolnshire/lincoln/","No","Error","Error","","","Quota exceeded for sc-domain:swimly.uk."
"https://swimly.uk/swimming-club-software/lincolnshire/louth/","No","Error","Error","","","Quota exceeded for sc-domain:swimly.uk."
"https://swimly.uk/swimming-club-software/lincolnshire/skegness/","No","Error","Error","","","Quota exceeded for sc-domain:swimly.uk."
"https://swimly.uk/swimming-club-software/lincolnshire/sleaford/","No","Error","Error","","","Quota exceeded for sc-domain:swimly.uk."
"https://swimly.uk/swimming-club-software/lincolnshire/spalding/","No","Error","Error","","","Quota exceeded for sc-domain:swimly.uk."
"https://swimly.uk/swimming-club-software/lincolnshire/stamford/","No","Error","Error","","","Quota exceeded for sc-domain:swimly.uk."
"https://swimly.uk/swimming-club-software/london/acton/","No","Error","Error","","","Quota exceeded for sc-domain:swimly.uk."
"https://swimly.uk/swimming-club-software/london/waltham-forest/","No","Error","Error","","","Quota exceeded for sc-domain:swimly.uk."
"https://swimly.uk/swimming-club-software/london/tooting/","No","Error","Error","","","Quota exceeded for sc-domain:swimly.uk."
"https://swimly.uk/swimming-club-software/london/dagenham/","No","Error","Error","","","Quota exceeded for sc-domain:swimly.uk."
"https://swimly.uk/swimming-club-software/london/barking/","No","Error","Error","","","Quota exceeded for sc-domain:swimly.uk."
"https://swimly.uk/swimming-club-software/london/barnet/","No","Error","Error","","","Quota exceeded for sc-domain:swimly.uk."
"https://swimly.uk/swimming-club-software/london/battersea/","No","Error","Error","","","Quota exceeded for sc-domain:swimly.uk."
"https://swimly.uk/swimming-club-software/london/beckenham/","No","Error","Error","","","Quota exceeded for sc-domain:swimly.uk."
"https://swimly.uk/swimming-club-software/london/bethnal-green/","No","Error","Error","","","Quota exceeded for sc-domain:swimly.uk."
"https://swimly.uk/swimming-club-software/london/bexley/","No","Error","Error","","","Quota exceeded for sc-domain:swimly.uk."
"https://swimly.uk/swimming-club-software/london/harrow/","No","Error","Error","","","Quota exceeded for sc-domain:swimly.uk."
"https://swimly.uk/swimming-club-software/london/walthamstow/","No","Error","Error","","","Quota exceeded for sc-domain:swimly.uk."
"https://swimly.uk/swimming-club-software/london/wandsworth/","No","Error","Error","","","Quota exceeded for sc-domain:swimly.uk."
"https://swimly.uk/swimming-club-software/london/brent/","No","Error","Error","","","Quota exceeded for sc-domain:swimly.uk."
"https://swimly.uk/swimming-club-software/london/bromley/","No","Error","Error","","","Quota exceeded for sc-domain:swimly.uk."
"https://swimly.uk/swimming-club-software/london/south-kensington/","No","Error","Error","","","Quota exceeded for sc-domain:swimly.uk."
"https://swimly.uk/swimming-club-software/london/enfield/","No","Error","Error","","","Quota exceeded for sc-domain:swimly.uk."
"https://swimly.uk/swimming-club-software/london/camden/","No","Error","Error","","","Quota exceeded for sc-domain:swimly.uk."
"https://swimly.uk/swimming-club-software/london/chelsea/","No","Error","Error","","","Quota exceeded for sc-domain:swimly.uk."
"https://swimly.uk/swimming-club-software/london/chingford/","No","Error","Error","","","Quota exceeded for sc-domain:swimly.uk."
"https://swimly.uk/swimming-club-software/london/westminster/","No","Error","Error","","","Quota exceeded for sc-domain:swimly.uk."
"https://swimly.uk/swimming-club-software/london/clapham/","No","Error","Error","","","Quota exceeded for sc-domain:swimly.uk."
"https://swimly.uk/swimming-club-software/london/croydon/","No","Error","Error","","","Quota exceeded for sc-domain:swimly.uk."
"https://swimly.uk/swimming-club-software/london/dulwich/","No","Error","Error","","","Quota exceeded for sc-domain:swimly.uk."
"https://swimly.uk/swimming-club-software/london/ealing/","No","Error","Error","","","Quota exceeded for sc-domain:swimly.uk."
"https://swimly.uk/swimming-club-software/london/eltham/","No","Error","Error","","","Quota exceeded for sc-domain:swimly.uk."
"https://swimly.uk/swimming-club-software/london/erith/","No","Error","Error","","","Quota exceeded for sc-domain:swimly.uk."
"https://swimly.uk/swimming-club-software/london/feltham/","No","Error","Error","","","Quota exceeded for sc-domain:swimly.uk."
"https://swimly.uk/swimming-club-software/london/finchley/","No","Error","Error","","","Quota exceeded for sc-domain:swimly.uk."
"https://swimly.uk/swimming-club-software/london/hillingdon/","No","Error","Error","","","Quota exceeded for sc-domain:swimly.uk."
"https://swimly.uk/swimming-club-software/london/greenwich/","No","Error","Error","","","Quota exceeded for sc-domain:swimly.uk."
"https://swimly.uk/swimming-club-software/london/hackney/","No","Error","Error","","","Quota exceeded for sc-domain:swimly.uk."
"https://swimly.uk/swimming-club-software/london/hammersmith/","No","Error","Error","","","Quota exceeded for sc-domain:swimly.uk."
"https://swimly.uk/swimming-club-software/london/haringey/","No","Error","Error","","","Quota exceeded for sc-domain:swimly.uk."
"https://swimly.uk/swimming-club-software/london/havering/","No","Error","Error","","","Quota exceeded for sc-domain:swimly.uk."
"https://swimly.uk/swimming-club-software/london/hornchurch/","No","Error","Error","","","Quota exceeded for sc-domain:swimly.uk."
"https://swimly.uk/swimming-club-software/london/hounslow/","No","Error","Error","","","Quota exceeded for sc-domain:swimly.uk."
"https://swimly.uk/swimming-club-software/london/ilford/","No","Error","Error","","","Quota exceeded for sc-domain:swimly.uk."
"https://swimly.uk/swimming-club-software/london/islington/","No","Error","Error","","","Quota exceeded for sc-domain:swimly.uk."
"https://swimly.uk/swimming-club-software/london/kensington/","No","Error","Error","","","Quota exceeded for sc-domain:swimly.uk."
"https://swimly.uk/swimming-club-software/london/wimbledon/","No","Error","Error","","","Quota exceeded for sc-domain:swimly.uk."
"https://swimly.uk/swimming-club-software/london/kingston-upon-thames/","No","Error","Error","","","Quota exceeded for sc-domain:swimly.uk."
"https://swimly.uk/swimming-club-software/london/lambeth/","No","Error","Error","","","Quota exceeded for sc-domain:swimly.uk."
"https://swimly.uk/swimming-club-software/london/lewisham/","No","Error","Error","","","Quota exceeded for sc-domain:swimly.uk."
"https://swimly.uk/swimming-club-software/london/leyton/","No","Error","Error","","","Quota exceeded for sc-domain:swimly.uk."
"https://swimly.uk/swimming-club-software/london/stratford/","No","Error","Error","","","Quota exceeded for sc-domain:swimly.uk."
"https://swimly.uk/swimming-club-software/london/redbridge/","No","Error","Error","","","Quota exceeded for sc-domain:swimly.uk."
"https://swimly.uk/swimming-club-software/london/merton/","No","Error","Error","","","Quota exceeded for sc-domain:swimly.uk."
"https://swimly.uk/swimming-club-software/london/newham/","No","Error","Error","","","Quota exceeded for sc-domain:swimly.uk."
"https://swimly.uk/swimming-club-software/london/northwood/","No","Error","Error","","","Quota exceeded for sc-domain:swimly.uk."
"https://swimly.uk/swimming-club-software/london/orpington/","No","Error","Error","","","Quota exceeded for sc-domain:swimly.uk."
"https://swimly.uk/swimming-club-software/london/central-london/","No","Error","Error","","","Quota exceeded for sc-domain:swimly.uk."
"https://swimly.uk/swimming-club-software/london/pinner/","No","Error","Error","","","Quota exceeded for sc-domain:swimly.uk."
"https://swimly.uk/swimming-club-software/london/putney/","No","Error","Error","","","Quota exceeded for sc-domain:swimly.uk."
"https://swimly.uk/swimming-club-software/london/richmond/","No","Error","Error","","","Quota exceeded for sc-domain:swimly.uk."
"https://swimly.uk/swimming-club-software/london/romford/","No","Error","Error","","","Quota exceeded for sc-domain:swimly.uk."
"https://swimly.uk/swimming-club-software/london/ruislip/","No","Error","Error","","","Quota exceeded for sc-domain:swimly.uk."
"https://swimly.uk/swimming-club-software/london/southwark/","No","Error","Error","","","Quota exceeded for sc-domain:swimly.uk."
"https://swimly.uk/swimming-club-software/london/stanmore/","No","Error","Error","","","Quota exceeded for sc-domain:swimly.uk."
"https://swimly.uk/swimming-club-software/london/streatham/","No","Error","Error","","","Quota exceeded for sc-domain:swimly.uk."
"https://swimly.uk/swimming-club-software/london/sutton/","No","Error","Error","","","Quota exceeded for sc-domain:swimly.uk."
"https://swimly.uk/swimming-club-software/london/teddington/","No","Error","Error","","","Quota exceeded for sc-domain:swimly.uk."
"https://swimly.uk/swimming-club-software/london/tottenham/","No","Error","Error","","","Quota exceeded for sc-domain:swimly.uk."
"https://swimly.uk/swimming-club-software/london/tower-hamlets/","No","Error","Error","","","Quota exceeded for sc-domain:swimly.uk."
"https://swimly.uk/swimming-club-software/london/upminster/","No","Error","Error","","","Quota exceeded for sc-domain:swimly.uk."
"https://swimly.uk/swimming-club-software/london/wood-green/","No","Error","Error","","","Quota exceeded for sc-domain:swimly.uk."
"https://swimly.uk/swimming-club-software/london/woodford/","No","Error","Error","","","Quota exceeded for sc-domain:swimly.uk."
"https://swimly.uk/swimming-club-software/merseyside/birkenhead/","No","Error","Error","","","Quota exceeded for sc-domain:swimly.uk."
"https://swimly.uk/swimming-club-software/merseyside/crosby/","No","Error","Error","","","Quota exceeded for sc-domain:swimly.uk."
"https://swimly.uk/swimming-club-software/merseyside/liverpool/","No","Error","Error","","","Quota exceeded for sc-domain:swimly.uk."
"https://swimly.uk/swimming-club-software/merseyside/kirkby/","No","Error","Error","","","Quota exceeded for sc-domain:swimly.uk."
"https://swimly.uk/swimming-club-software/merseyside/st-helens/","No","Error","Error","","","Quota exceeded for sc-domain:swimly.uk."
"https://swimly.uk/swimming-club-software/norfolk/attleborough/","No","Error","Error","","","Quota exceeded for sc-domain:swimly.uk."
"https://swimly.uk/swimming-club-software/norfolk/dereham/","No","Error","Error","","","Quota exceeded for sc-domain:swimly.uk."
"https://swimly.uk/swimming-club-software/norfolk/fakenham/","No","Error","Error","","","Quota exceeded for sc-domain:swimly.uk."
"https://swimly.uk/swimming-club-software/norfolk/great-yarmouth/","No","Error","Error","","","Quota exceeded for sc-domain:swimly.uk."
"https://swimly.uk/swimming-club-software/norfolk/kings-lynn/","No","Error","Error","","","Quota exceeded for sc-domain:swimly.uk."
"https://swimly.uk/swimming-club-software/norfolk/north-walsham/","No","Error","Error","","","Quota exceeded for sc-domain:swimly.uk."
"https://swimly.uk/swimming-club-software/norfolk/thetford/","No","Error","Error","","","Quota exceeded for sc-domain:swimly.uk."
"https://swimly.uk/swimming-club-software/norfolk/wymondham/","No","Error","Error","","","Quota exceeded for sc-domain:swimly.uk."
"https://swimly.uk/swimming-club-software/north-east/newcastle-upon-tyne/","No","Error","Error","","","Quota exceeded for sc-domain:swimly.uk."
"https://swimly.uk/swimming-club-software/north-east/sunderland/","No","Error","Error","","","Quota exceeded for sc-domain:swimly.uk."
"https://swimly.uk/swimming-club-software/north-east/north-shields/","No","Error","Error","","","Quota exceeded for sc-domain:swimly.uk."
"https://swimly.uk/swimming-club-software/north-east-lincolnshire/cleethorpes/","No","Error","Error","","","Quota exceeded for sc-domain:swimly.uk."
"https://swimly.uk/swimming-club-software/north-east-lincolnshire/grimsby/","No","Error","Error","","","Quota exceeded for sc-domain:swimly.uk."
"https://swimly.uk/swimming-club-software/north-east-lincolnshire/immingham/","No","Error","Error","","","Quota exceeded for sc-domain:swimly.uk."
"https://swimly.uk/swimming-club-software/north-lincolnshire/barton-upon-humber/","No","Error","Error","","","Quota exceeded for sc-domain:swimly.uk."
"https://swimly.uk/swimming-club-software/north-lincolnshire/brigg/","No","Error","Error","","","Quota exceeded for sc-domain:swimly.uk."
"https://swimly.uk/swimming-club-software/north-lincolnshire/crowle/","No","Error","Error","","","Quota exceeded for sc-domain:swimly.uk."
"https://swimly.uk/swimming-club-software/north-lincolnshire/scunthorpe/","No","Error","Error","","","Quota exceeded for sc-domain:swimly.uk."
"https://swimly.uk/swimming-club-software/north-west/bury/","No","Error","Error","","","Quota exceeded for sc-domain:swimly.uk."
"https://swimly.uk/swimming-club-software/north-west/manchester/","No","Error","Error","","","Quota exceeded for sc-domain:swimly.uk."
"https://swimly.uk/swimming-club-software/north-west/oldham/","No","Error","Error","","","Quota exceeded for sc-domain:swimly.uk."
"https://swimly.uk/swimming-club-software/north-west/rochdale/","No","Error","Error","","","Quota exceeded for sc-domain:swimly.uk."
"https://swimly.uk/swimming-club-software/north-west/sale/","No","Error","Error","","","Quota exceeded for sc-domain:swimly.uk."
"https://swimly.uk/swimming-club-software/north-west/southport/","No","Error","Error","","","Quota exceeded for sc-domain:swimly.uk."
"https://swimly.uk/swimming-club-software/north-west/warrington/","No","Error","Error","","","Quota exceeded for sc-domain:swimly.uk."
"https://swimly.uk/swimming-club-software/north-west/wigan/","No","Error","Error","","","Quota exceeded for sc-domain:swimly.uk."
"https://swimly.uk/swimming-club-software/north-yorkshire/harrogate/","No","Error","Error","","","Quota exceeded for sc-domain:swimly.uk."
"https://swimly.uk/swimming-club-software/north-yorkshire/middlesbrough/","No","Error","Error","","","Quota exceeded for sc-domain:swimly.uk."
"https://swimly.uk/swimming-club-software/north-yorkshire/northallerton/","No","Error","Error","","","Quota exceeded for sc-domain:swimly.uk."
"https://swimly.uk/swimming-club-software/north-yorkshire/scarborough/","No","Error","Error","","","Quota exceeded for sc-domain:swimly.uk."
"https://swimly.uk/swimming-club-software/north-yorkshire/york/","No","Error","Error","","","Quota exceeded for sc-domain:swimly.uk."
"https://swimly.uk/swimming-club-software/northern-ireland/belfast/","No","Error","Error","","","Quota exceeded for sc-domain:swimly.uk."
"https://swimly.uk/swimming-club-software/northern-ireland/newtownards/","No","Error","Error","","","Quota exceeded for sc-domain:swimly.uk."
"https://swimly.uk/swimming-club-software/northern-ireland/armagh/","No","Error","Error","","","Quota exceeded for sc-domain:swimly.uk."
"https://swimly.uk/swimming-club-software/northern-ireland/ballyclare/","No","Error","Error","","","Quota exceeded for sc-domain:swimly.uk."
"https://swimly.uk/swimming-club-software/northern-ireland/ballymoney/","No","Error","Error","","","Quota exceeded for sc-domain:swimly.uk."
"https://swimly.uk/swimming-club-software/northern-ireland/banbridge/","No","Error","Error","","","Quota exceeded for sc-domain:swimly.uk."
"https://swimly.uk/swimming-club-software/northern-ireland/bangor/","No","Error","Error","","","Quota exceeded for sc-domain:swimly.uk."
"https://swimly.uk/swimming-club-software/northern-ireland/cavan/","No","Error","Error","","","Quota exceeded for sc-domain:swimly.uk."
"https://swimly.uk/swimming-club-software/northern-ireland/derry/","No","Error","Error","","","Quota exceeded for sc-domain:swimly.uk."
"https://swimly.uk/swimming-club-software/northern-ireland/coleraine/","No","Error","Error","","","Quota exceeded for sc-domain:swimly.uk."
"https://swimly.uk/swimming-club-software/northern-ireland/cookstown/","No","Error","Error","","","Quota exceeded for sc-domain:swimly.uk."
"https://swimly.uk/swimming-club-software/northern-ireland/dungannon/","No","Error","Error","","","Quota exceeded for sc-domain:swimly.uk."
"https://swimly.uk/swimming-club-software/northern-ireland/enniskillen/","No","Error","Error","","","Quota exceeded for sc-domain:swimly.uk."
"https://swimly.uk/swimming-club-software/northern-ireland/larne/","No","Error","Error","","","Quota exceeded for sc-domain:swimly.uk."
"https://swimly.uk/swimming-club-software/northern-ireland/lisburn/","No","Error","Error","","","Quota exceeded for sc-domain:swimly.uk."
"https://swimly.uk/swimming-club-software/northern-ireland/lurgan/","No","Error","Error","","","Quota exceeded for sc-domain:swimly.uk."
"https://swimly.uk/swimming-club-software/northern-ireland/newry/","No","Error","Error","","","Quota exceeded for sc-domain:swimly.uk."
"https://swimly.uk/swimming-club-software/northern-ireland/newtownabbey/","No","Error","Error","","","Quota exceeded for sc-domain:swimly.uk."
"https://swimly.uk/swimming-club-software/northern-ireland/portadown/","No","Error","Error","","","Quota exceeded for sc-domain:swimly.uk."
"https://swimly.uk/swimming-club-software/northumberland/alnwick/","No","Error","Error","","","Quota exceeded for sc-domain:swimly.uk."
"https://swimly.uk/swimming-club-software/northumberland/ashington/","No","Error","Error","","","Quota exceeded for sc-domain:swimly.uk."
"https://swimly.uk/swimming-club-software/northumberland/berwick-upon-tweed/","No","Error","Error","","","Quota exceeded for sc-domain:swimly.uk."
"https://swimly.uk/swimming-club-software/northumberland/blyth/","No","Error","Error","","","Quota exceeded for sc-domain:swimly.uk."
"https://swimly.uk/swimming-club-software/northumberland/cramlington/","No","Error","Error","","","Quota exceeded for sc-domain:swimly.uk."
"https://swimly.uk/swimming-club-software/northumberland/hexham/","No","Error","Error","","","Quota exceeded for sc-domain:swimly.uk."
"https://swimly.uk/swimming-club-software/northumberland/morpeth/","No","Error","Error","","","Quota exceeded for sc-domain:swimly.uk."
"https://swimly.uk/swimming-club-software/northumberland/ponteland/","No","Error","Error","","","Quota exceeded for sc-domain:swimly.uk."
"https://swimly.uk/swimming-club-software/nottinghamshire/arnold/","No","Error","Error","","","Quota exceeded for sc-domain:swimly.uk."
"https://swimly.uk/swimming-club-software/nottinghamshire/beeston/","No","Error","Error","","","Quota exceeded for sc-domain:swimly.uk."
"https://swimly.uk/swimming-club-software/nottinghamshire/bramcote/","No","Error","Error","","","Quota exceeded for sc-domain:swimly.uk."
"https://swimly.uk/swimming-club-software/nottinghamshire/newark-on-trent/","No","Error","Error","","","Quota exceeded for sc-domain:swimly.uk."
"https://swimly.uk/swimming-club-software/nottinghamshire/rushcliffe/","No","Error","Error","","","Quota exceeded for sc-domain:swimly.uk."
"https://swimly.uk/swimming-club-software/nottinghamshire/mansfield/","No","Error","Error","","","Quota exceeded for sc-domain:swimly.uk."
"https://swimly.uk/swimming-club-software/nottinghamshire/southwell/","No","Error","Error","","","Quota exceeded for sc-domain:swimly.uk."
"https://swimly.uk/swimming-club-software/nottinghamshire/west-bridgford/","No","Error","Error","","","Quota exceeded for sc-domain:swimly.uk."
"https://swimly.uk/swimming-club-software/nottinghamshire/worksop/","No","Error","Error","","","Quota exceeded for sc-domain:swimly.uk."
"https://swimly.uk/swimming-club-software/oxfordshire/abingdon/","No","Error","Error","","","Quota exceeded for sc-domain:swimly.uk."
"https://swimly.uk/swimming-club-software/oxfordshire/banbury/","No","Error","Error","","","Quota exceeded for sc-domain:swimly.uk."
"https://swimly.uk/swimming-club-software/oxfordshire/bicester/","No","Error","Error","","","Quota exceeded for sc-domain:swimly.uk."
"https://swimly.uk/swimming-club-software/oxfordshire/carterton/","No","Error","Error","","","Quota exceeded for sc-domain:swimly.uk."
"https://swimly.uk/swimming-club-software/oxfordshire/oxford/","No","Error","Error","","","Quota exceeded for sc-domain:swimly.uk."
"https://swimly.uk/swimming-club-software/oxfordshire/didcot/","No","Error","Error","","","Quota exceeded for sc-domain:swimly.uk."
"https://swimly.uk/swimming-club-software/oxfordshire/faringdon/","No","Error","Error","","","Quota exceeded for sc-domain:swimly.uk."
"https://swimly.uk/swimming-club-software/oxfordshire/henley-on-thames/","No","Error","Error","","","Quota exceeded for sc-domain:swimly.uk."
"https://swimly.uk/swimming-club-software/oxfordshire/thame/","No","Error","Error","","","Quota exceeded for sc-domain:swimly.uk."
"https://swimly.uk/swimming-club-software/oxfordshire/wallingford/","No","Error","Error","","","Quota exceeded for sc-domain:swimly.uk."
"https://swimly.uk/swimming-club-software/oxfordshire/wantage/","No","Error","Error","","","Quota exceeded for sc-domain:swimly.uk."
"https://swimly.uk/swimming-club-software/oxfordshire/witney/","No","Error","Error","","","Quota exceeded for sc-domain:swimly.uk."
"https://swimly.uk/swimming-club-software/shropshire/bridgnorth/","No","Error","Error","","","Quota exceeded for sc-domain:swimly.uk."
"https://swimly.uk/swimming-club-software/shropshire/ludlow/","No","Error","Error","","","Quota exceeded for sc-domain:swimly.uk."
"https://swimly.uk/swimming-club-software/shropshire/market-drayton/","No","Error","Error","","","Quota exceeded for sc-domain:swimly.uk."
"https://swimly.uk/swimming-club-software/shropshire/oswestry/","No","Error","Error","","","Quota exceeded for sc-domain:swimly.uk."
"https://swimly.uk/swimming-club-software/shropshire/shrewsbury/","No","Error","Error","","","Quota exceeded for sc-domain:swimly.uk."
"https://swimly.uk/swimming-club-software/shropshire/telford/","No","Error","Error","","","Quota exceeded for sc-domain:swimly.uk."
"https://swimly.uk/swimming-club-software/shropshire/whitchurch/","No","Error","Error","","","Quota exceeded for sc-domain:swimly.uk."
"https://swimly.uk/swimming-club-software/somerset/bath/","No","Error","Error","","","Quota exceeded for sc-domain:swimly.uk."
"https://swimly.uk/swimming-club-software/somerset/bridgwater/","No","Error","Error","","","Quota exceeded for sc-domain:swimly.uk."
"https://swimly.uk/swimming-club-software/somerset/taunton/","No","Error","Error","","","Quota exceeded for sc-domain:swimly.uk."
"https://swimly.uk/swimming-club-software/somerset/weston-super-mare/","No","Error","Error","","","Quota exceeded for sc-domain:swimly.uk."
"https://swimly.uk/swimming-club-software/somerset/yeovil/","No","Error","Error","","","Quota exceeded for sc-domain:swimly.uk."
"https://swimly.uk/swimming-club-software/south-east/basingstoke/","No","Error","Error","","","Quota exceeded for sc-domain:swimly.uk."
"https://swimly.uk/swimming-club-software/south-east/chatham/","No","Error","Error","","","Quota exceeded for sc-domain:swimly.uk."
"https://swimly.uk/swimming-club-software/south-east/bognor-regis/","No","Error","Error","","","Quota exceeded for sc-domain:swimly.uk."
"https://swimly.uk/swimming-club-software/south-east/chichester/","No","Error","Error","","","Quota exceeded for sc-domain:swimly.uk."
"https://swimly.uk/swimming-club-software/south-east/dartford/","No","Error","Error","","","Quota exceeded for sc-domain:swimly.uk."
"https://swimly.uk/swimming-club-software/south-east/deal/","No","Error","Error","","","Quota exceeded for sc-domain:swimly.uk."
"https://swimly.uk/swimming-club-software/south-east/faversham/","No","Error","Error","","","Quota exceeded for sc-domain:swimly.uk."
"https://swimly.uk/swimming-club-software/south-east/guildford/","No","Error","Error","","","Quota exceeded for sc-domain:swimly.uk."
"https://swimly.uk/swimming-club-software/south-east/larkfield/","No","Error","Error","","","Quota exceeded for sc-domain:swimly.uk."
"https://swimly.uk/swimming-club-software/south-east/medway/","No","Error","Error","","","Quota exceeded for sc-domain:swimly.uk."
"https://swimly.uk/swimming-club-software/south-east/portsmouth/","No","Error","Error","","","Quota exceeded for sc-domain:swimly.uk."
"https://swimly.uk/swimming-club-software/south-east/seaford/","No","Error","Error","","","Quota exceeded for sc-domain:swimly.uk."
"https://swimly.uk/swimming-club-software/south-east/westerham/","No","Error","Error","","","Quota exceeded for sc-domain:swimly.uk."
"https://swimly.uk/swimming-club-software/south-east/windsor/","No","Error","Error","","","Quota exceeded for sc-domain:swimly.uk."
"https://swimly.uk/swimming-club-software/south-west/plymouth/","No","Error","Error","","","Quota exceeded for sc-domain:swimly.uk."
"https://swimly.uk/swimming-club-software/south-west/swindon/","No","Error","Error","","","Quota exceeded for sc-domain:swimly.uk."
"https://swimly.uk/swimming-club-software/south-yorkshire/sheffield/","No","Error","Error","","","Quota exceeded for sc-domain:swimly.uk."
"https://swimly.uk/swimming-club-software/south-yorkshire/wath-upon-dearne/","No","Error","Error","","","Quota exceeded for sc-domain:swimly.uk."
"https://swimly.uk/swimming-club-software/south-yorkshire/doncaster/","No","Error","Error","","","Quota exceeded for sc-domain:swimly.uk."
"https://swimly.uk/swimming-club-software/south-yorkshire/maltby/","No","Error","Error","","","Quota exceeded for sc-domain:swimly.uk."
"https://swimly.uk/swimming-club-software/south-yorkshire/mexborough/","No","Error","Error","","","Quota exceeded for sc-domain:swimly.uk."
"https://swimly.uk/swimming-club-software/south-yorkshire/rotherham/","No","Error","Error","","","Quota exceeded for sc-domain:swimly.uk."
"https://swimly.uk/swimming-club-software/south-yorkshire/stocksbridge/","No","Error","Error","","","Quota exceeded for sc-domain:swimly.uk."
"https://swimly.uk/swimming-club-software/staffordshire/burton-upon-trent/","No","Error","Error","","","Quota exceeded for sc-domain:swimly.uk."
"https://swimly.uk/swimming-club-software/staffordshire/cannock/","No","Error","Error","","","Quota exceeded for sc-domain:swimly.uk."
"https://swimly.uk/swimming-club-software/staffordshire/leek/","No","Error","Error","","","Quota exceeded for sc-domain:swimly.uk."
"https://swimly.uk/swimming-club-software/staffordshire/lichfield/","No","Error","Error","","","Quota exceeded for sc-domain:swimly.uk."
"https://swimly.uk/swimming-club-software/staffordshire/newcastle-under-lyme/","No","Error","Error","","","Quota exceeded for sc-domain:swimly.uk."
"https://swimly.uk/swimming-club-software/staffordshire/stafford/","No","Error","Error","","","Quota exceeded for sc-domain:swimly.uk."
"https://swimly.uk/swimming-club-software/staffordshire/stoke-on-trent/","No","Error","Error","","","Quota exceeded for sc-domain:swimly.uk."
"https://swimly.uk/swimming-club-software/staffordshire/tamworth/","No","Error","Error","","","Quota exceeded for sc-domain:swimly.uk."
"https://swimly.uk/swimming-club-software/staffordshire/uttoxeter/","No","Error","Error","","","Quota exceeded for sc-domain:swimly.uk."
"https://swimly.uk/swimming-club-software/suffolk/beccles/","No","Error","Error","","","Quota exceeded for sc-domain:swimly.uk."
"https://swimly.uk/swimming-club-software/suffolk/bury-st-edmunds/","No","Error","Error","","","Quota exceeded for sc-domain:swimly.uk."
"https://swimly.uk/swimming-club-software/suffolk/woodbridge/","No","Error","Error","","","Quota exceeded for sc-domain:swimly.uk."
"https://swimly.uk/swimming-club-software/suffolk/felixstowe/","No","Error","Error","","","Quota exceeded for sc-domain:swimly.uk."
"https://swimly.uk/swimming-club-software/suffolk/haverhill/","No","Error","Error","","","Quota exceeded for sc-domain:swimly.uk."
"https://swimly.uk/swimming-club-software/suffolk/leiston/","No","Error","Error","","","Quota exceeded for sc-domain:swimly.uk."
"https://swimly.uk/swimming-club-software/suffolk/lowestoft/","No","Error","Error","","","Quota exceeded for sc-domain:swimly.uk."
"https://swimly.uk/swimming-club-software/suffolk/newmarket/","No","Error","Error","","","Quota exceeded for sc-domain:swimly.uk."
"https://swimly.uk/swimming-club-software/suffolk/stowmarket/","No","Error","Error","","","Quota exceeded for sc-domain:swimly.uk."
"https://swimly.uk/swimming-club-software/suffolk/sudbury/","No","Error","Error","","","Quota exceeded for sc-domain:swimly.uk."
"https://swimly.uk/swimming-club-software/surrey/dorking/","No","Error","Error","","","Quota exceeded for sc-domain:swimly.uk."
"https://swimly.uk/swimming-club-software/surrey/weybridge/","No","Error","Error","","","Quota exceeded for sc-domain:swimly.uk."
"https://swimly.uk/swimming-club-software/surrey/epsom/","No","Error","Error","","","Quota exceeded for sc-domain:swimly.uk."
"https://swimly.uk/swimming-club-software/surrey/ewell/","No","Error","Error","","","Quota exceeded for sc-domain:swimly.uk."
"https://swimly.uk/swimming-club-software/surrey/farnham/","No","Error","Error","","","Quota exceeded for sc-domain:swimly.uk."
"https://swimly.uk/swimming-club-software/surrey/godalming/","No","Error","Error","","","Quota exceeded for sc-domain:swimly.uk."
"https://swimly.uk/swimming-club-software/surrey/haslemere/","No","Error","Error","","","Quota exceeded for sc-domain:swimly.uk."
"https://swimly.uk/swimming-club-software/surrey/leatherhead/","No","Error","Error","","","Quota exceeded for sc-domain:swimly.uk."
"https://swimly.uk/swimming-club-software/surrey/redhill/","No","Error","Error","","","Quota exceeded for sc-domain:swimly.uk."
"https://swimly.uk/swimming-club-software/surrey/reigate/","No","Error","Error","","","Quota exceeded for sc-domain:swimly.uk."
"https://swimly.uk/swimming-club-software/surrey/sunbury-on-thames/","No","Error","Error","","","Quota exceeded for sc-domain:swimly.uk."
"https://swimly.uk/swimming-club-software/surrey/staines/","No","Error","Error","","","Quota exceeded for sc-domain:swimly.uk."
"https://swimly.uk/swimming-club-software/surrey/walton-on-thames/","No","Error","Error","","","Quota exceeded for sc-domain:swimly.uk."
"https://swimly.uk/swimming-club-software/surrey/woking/","No","Error","Error","","","Quota exceeded for sc-domain:swimly.uk."
"https://swimly.uk/swimming-club-software/tyne-and-wear/gateshead/","No","Error","Error","","","Quota exceeded for sc-domain:swimly.uk."
"https://swimly.uk/swimming-club-software/tyne-and-wear/south-shields/","No","Error","Error","","","Quota exceeded for sc-domain:swimly.uk."
"https://swimly.uk/swimming-club-software/tyne-and-wear/wallsend/","No","Error","Error","","","Quota exceeded for sc-domain:swimly.uk."
"https://swimly.uk/swimming-club-software/tyne-and-wear/washington/","No","Error","Error","","","Quota exceeded for sc-domain:swimly.uk."
"https://swimly.uk/swimming-club-software/warwickshire/alcester/","No","Error","Error","","","Quota exceeded for sc-domain:swimly.uk."
"https://swimly.uk/swimming-club-software/warwickshire/atherstone/","No","Error","Error","","","Quota exceeded for sc-domain:swimly.uk."
"https://swimly.uk/swimming-club-software/warwickshire/bedworth/","No","Error","Error","","","Quota exceeded for sc-domain:swimly.uk."
"https://swimly.uk/swimming-club-software/warwickshire/kenilworth/","No","Error","Error","","","Quota exceeded for sc-domain:swimly.uk."
"https://swimly.uk/swimming-club-software/warwickshire/leamington-spa/","No","Error","Error","","","Quota exceeded for sc-domain:swimly.uk."
"https://swimly.uk/swimming-club-software/warwickshire/royal-leamington-spa/","No","Error","Error","","","Quota exceeded for sc-domain:swimly.uk."
"https://swimly.uk/swimming-club-software/warwickshire/nuneaton/","No","Error","Error","","","Quota exceeded for sc-domain:swimly.uk."
"https://swimly.uk/swimming-club-software/warwickshire/rugby/","No","Error","Error","","","Quota exceeded for sc-domain:swimly.uk."
"https://swimly.uk/swimming-club-software/warwickshire/stratford-upon-avon/","No","Error","Error","","","Quota exceeded for sc-domain:swimly.uk."
"https://swimly.uk/swimming-club-software/warwickshire/warwick/","No","Error","Error","","","Quota exceeded for sc-domain:swimly.uk."
"https://swimly.uk/swimming-club-software/west-midlands/sutton-coldfield/","No","Error","Error","","","Quota exceeded for sc-domain:swimly.uk."
"https://swimly.uk/swimming-club-software/west-midlands/birmingham/","No","Error","Error","","","Quota exceeded for sc-domain:swimly.uk."
"https://swimly.uk/swimming-club-software/west-midlands/coventry/","No","Error","Error","","","Quota exceeded for sc-domain:swimly.uk."
"https://swimly.uk/swimming-club-software/west-midlands/halesowen/","No","Error","Error","","","Quota exceeded for sc-domain:swimly.uk."
"https://swimly.uk/swimming-club-software/west-midlands/solihull/","No","Error","Error","","","Quota exceeded for sc-domain:swimly.uk."
"https://swimly.uk/swimming-club-software/west-midlands/stourbridge/","No","Error","Error","","","Quota exceeded for sc-domain:swimly.uk."
"https://swimly.uk/swimming-club-software/west-midlands/walsall/","No","Error","Error","","","Quota exceeded for sc-domain:swimly.uk."
"https://swimly.uk/swimming-club-software/west-midlands/warley/","No","Error","Error","","","Quota exceeded for sc-domain:swimly.uk."
"https://swimly.uk/swimming-club-software/west-midlands/wolverhampton/","No","Error","Error","","","Quota exceeded for sc-domain:swimly.uk."
"https://swimly.uk/swimming-club-software/west-sussex/arundel/","No","Error","Error","","","Quota exceeded for sc-domain:swimly.uk."
"https://swimly.uk/swimming-club-software/west-sussex/billingshurst/","No","Error","Error","","","Quota exceeded for sc-domain:swimly.uk."
"https://swimly.uk/swimming-club-software/west-sussex/burgess-hill/","No","Error","Error","","","Quota exceeded for sc-domain:swimly.uk."
"https://swimly.uk/swimming-club-software/west-sussex/crawley/","No","Error","Error","","","Quota exceeded for sc-domain:swimly.uk."
"https://swimly.uk/swimming-club-software/west-sussex/haywards-heath/","No","Error","Error","","","Quota exceeded for sc-domain:swimly.uk."
"https://swimly.uk/swimming-club-software/west-sussex/horsham/","No","Error","Error","","","Quota exceeded for sc-domain:swimly.uk."
"https://swimly.uk/swimming-club-software/west-sussex/hurstpierpoint/","No","Error","Error","","","Quota exceeded for sc-domain:swimly.uk."
"https://swimly.uk/swimming-club-software/west-sussex/lancing/","No","Error","Error","","","Quota exceeded for sc-domain:swimly.uk."
"https://swimly.uk/swimming-club-software/west-sussex/littlehampton/","No","Error","Error","","","Quota exceeded for sc-domain:swimly.uk."
"https://swimly.uk/swimming-club-software/west-sussex/midhurst/","No","Error","Error","","","Quota exceeded for sc-domain:swimly.uk."
"https://swimly.uk/swimming-club-software/west-sussex/petworth/","No","Error","Error","","","Quota exceeded for sc-domain:swimly.uk."
"https://swimly.uk/swimming-club-software/west-sussex/shoreham-by-sea/","No","Error","Error","","","Quota exceeded for sc-domain:swimly.uk."
"https://swimly.uk/swimming-club-software/west-sussex/southwick/","No","Error","Error","","","Quota exceeded for sc-domain:swimly.uk."
"https://swimly.uk/swimming-club-software/west-sussex/steyning/","No","Error","Error","","","Quota exceeded for sc-domain:swimly.uk."
"https://swimly.uk/swimming-club-software/west-sussex/worthing/","No","Error","Error","","","Quota exceeded for sc-domain:swimly.uk."
"https://swimly.uk/swimming-club-software/west-yorkshire/batley/","No","Error","Error","","","Quota exceeded for sc-domain:swimly.uk."
"https://swimly.uk/swimming-club-software/west-yorkshire/bradford/","No","Error","Error","","","Quota exceeded for sc-domain:swimly.uk."
"https://swimly.uk/swimming-club-software/west-yorkshire/brighouse/","No","Error","Error","","","Quota exceeded for sc-domain:swimly.uk."
"https://swimly.uk/swimming-club-software/west-yorkshire/halifax/","No","Error","Error","","","Quota exceeded for sc-domain:swimly.uk."
"https://swimly.uk/swimming-club-software/west-yorkshire/leeds/","No","Error","Error","","","Quota exceeded for sc-domain:swimly.uk."
"https://swimly.uk/swimming-club-software/west-yorkshire/huddersfield/","No","Error","Error","","","Quota exceeded for sc-domain:swimly.uk."
"https://swimly.uk/swimming-club-software/west-yorkshire/keighley/","No","Error","Error","","","Quota exceeded for sc-domain:swimly.uk."
"https://swimly.uk/swimming-club-software/wiltshire/bradford-on-avon/","No","Error","Error","","","Quota exceeded for sc-domain:swimly.uk."
"https://swimly.uk/swimming-club-software/wiltshire/chippenham/","No","Error","Error","","","Quota exceeded for sc-domain:swimly.uk."
"https://swimly.uk/swimming-club-software/wiltshire/corsham/","No","Error","Error","","","Quota exceeded for sc-domain:swimly.uk."
"https://swimly.uk/swimming-club-software/wiltshire/devizes/","No","Error","Error","","","Quota exceeded for sc-domain:swimly.uk."
"https://swimly.uk/swimming-club-software/wiltshire/marlborough/","No","Error","Error","","","Quota exceeded for sc-domain:swimly.uk."
"https://swimly.uk/swimming-club-software/wiltshire/melksham/","No","Error","Error","","","Quota exceeded for sc-domain:swimly.uk."
"https://swimly.uk/swimming-club-software/wiltshire/salisbury/","No","Error","Error","","","Quota exceeded for sc-domain:swimly.uk."
"https://swimly.uk/swimming-club-software/wiltshire/trowbridge/","No","Error","Error","","","Quota exceeded for sc-domain:swimly.uk."
"https://swimly.uk/swimming-club-software/yorkshire/barnsley/","No","Error","Error","","","Quota exceeded for sc-domain:swimly.uk."
"https://swimly.uk/swimming-club-software/yorkshire/wakefield/","No","Error","Error","","","Quota exceeded for sc-domain:swimly.uk."